{
    "preds": {
        "Atelectasis": 0.33829206228256226,
        "Consolidation": 0.5163710117340088,
        "Infiltration": 0.49511605501174927,
        "Pneumothorax": 0.5062991976737976,
        "Edema": 0.02203817293047905,
        "Emphysema": 0.5444642305374146,
        "Fibrosis": 0.2107771933078766,
        "Effusion": 0.29642194509506226,
        "Pneumonia": 0.1888318508863449,
        "Pleural_Thickening": 0.006253871601074934,
        "Cardiomegaly": 0.14670614898204803,
        "Nodule": 0.6982775926589966,
        "Mass": 0.8245210647583008,
        "Hernia": 0.0002727738756220788,
        "Lung Lesion": 0.9351828098297119,
        "Fracture": 0.5292676687240601,
        "Lung Opacity": 0.6484395265579224,
        "Enlarged Cardiomediastinum": 0.6317418813705444
    }
}
