{
    "preds": {
        "Atelectasis": 0.028670676052570343,
        "Consolidation": 0.39144474267959595,
        "Infiltration": 0.51947021484375,
        "Pneumothorax": 0.5000334978103638,
        "Edema": 0.0031038676388561726,
        "Emphysema": 0.09920720756053925,
        "Fibrosis": 0.5059561133384705,
        "Effusion": 0.07475241273641586,
        "Pneumonia": 0.005019438453018665,
        "Pleural_Thickening": 0.5036898851394653,
        "Cardiomegaly": 0.010184744372963905,
        "Nodule": 0.5182642340660095,
        "Mass": 0.4517733156681061,
        "Hernia": 0.002525256248190999,
        "Lung Lesion": 0.00824369303882122,
        "Fracture": 0.06859013438224792,
        "Lung Opacity": 0.4707311689853668,
        "Enlarged Cardiomediastinum": 0.07050225883722305
    }
}
