{
    "preds": {
        "Atelectasis": 0.04138803109526634,
        "Consolidation": 0.2654203474521637,
        "Infiltration": 0.5496963262557983,
        "Pneumothorax": 0.5010805130004883,
        "Edema": 0.02275874651968479,
        "Emphysema": 0.11332173645496368,
        "Fibrosis": 0.5000512599945068,
        "Effusion": 0.08084836602210999,
        "Pneumonia": 0.3174329102039337,
        "Pleural_Thickening": 0.09666185826063156,
        "Cardiomegaly": 0.06359807401895523,
        "Nodule": 0.2278142273426056,
        "Mass": 0.3658411204814911,
        "Hernia": 0.001243258942849934,
        "Lung Lesion": 0.11393342912197113,
        "Fracture": 0.1241907849907875,
        "Lung Opacity": 0.10805682092905045,
        "Enlarged Cardiomediastinum": 0.14117074012756348
    }
}
