{
    "preds": {
        "Atelectasis": 0.2882295548915863,
        "Consolidation": 0.5544369220733643,
        "Infiltration": 0.7922084331512451,
        "Pneumothorax": 0.5039680004119873,
        "Edema": 0.5339184403419495,
        "Emphysema": 0.5118514895439148,
        "Fibrosis": 0.6172659397125244,
        "Effusion": 0.5387447476387024,
        "Pneumonia": 0.7830039262771606,
        "Pleural_Thickening": 0.5096009969711304,
        "Cardiomegaly": 0.5236631035804749,
        "Nodule": 0.697986900806427,
        "Mass": 0.5753939151763916,
        "Hernia": 0.008006683550775051,
        "Lung Lesion": 0.5017694234848022,
        "Fracture": 0.31390511989593506,
        "Lung Opacity": 0.8040452003479004,
        "Enlarged Cardiomediastinum": 0.5793428421020508
    }
}
