{
    "preds": {
        "Atelectasis": 0.5490832328796387,
        "Consolidation": 0.6340678334236145,
        "Infiltration": 0.55069899559021,
        "Pneumothorax": 0.5080459117889404,
        "Edema": 0.45940572023391724,
        "Emphysema": 0.5124622583389282,
        "Fibrosis": 0.5274055600166321,
        "Effusion": 0.5677808523178101,
        "Pneumonia": 0.38554853200912476,
        "Pleural_Thickening": 0.5073051452636719,
        "Cardiomegaly": 0.630051851272583,
        "Nodule": 0.6131618618965149,
        "Mass": 0.6154142022132874,
        "Hernia": 0.009284245781600475,
        "Lung Lesion": 0.290383517742157,
        "Fracture": 0.5259348154067993,
        "Lung Opacity": 0.7973082065582275,
        "Enlarged Cardiomediastinum": 0.5266848802566528
    }
}
